{
    "0.0": {
        "f1measure": 0.8095238095238095,
        "recall": 0.8095238095238095,
        "precession": 0.8095238095238095
    },
    "1.0": {
        "f1measure": 1.0,
        "recall": 1.0,
        "precession": 1.0
    },
    "2.0": {
        "f1measure": 0.7894736842105263,
        "recall": 0.7894736842105263,
        "precession": 0.7894736842105263
    },
    "Recall": 0.8620689655172413,
    "LabelNum": 3,
    "ConfusionMatrix": [
        [
            17.0,
            0.0,
            4.0
        ],
        [
            0.0,
            18.0,
            0.0
        ],
        [
            4.0,
            0.0,
            15.0
        ]
    ],
    "Precision": 0.8620689655172413,
    "TaskId": "12345678",
    "AlgorithmName": "LogisticRegression",
    "F1Score": 0.8620689655172413,
    "WeightedStats": {
        "FalsePositiveRate": 0.07274117618945206,
        "F1Score": 0.8620689655172413,
        "Precision": 0.8620689655172413
    }
}