{
    "Recall": 0.88,
    "LabelNum": 3,
    "Labels": {
        "0.0": {
            "F1Measure": 0.8440366972477064,
            "Recall": 0.92,
            "Precession": 0.7796610169491526
        },
        "1.0": {
            "F1Measure": 0.98989898989899,
            "Recall": 0.98,
            "Precession": 1.0
        },
        "2.0": {
            "F1Measure": 0.8043478260869565,
            "Recall": 0.74,
            "Precession": 0.8809523809523809
        }
    },
    "ConfusionMatrix": [
        [
            46.0,
            0.0,
            4.0
        ],
        [
            0.0,
            49.0,
            1.0
        ],
        [
            13.0,
            0.0,
            37.0
        ]
    ],
    "Precision": 0.88,
    "TaskId": "12345678",
    "AlgorithmName": "LogisticRegression",
    "F1Score": 0.88,
    "WeightedStats": {
        "FalsePositiveRate": 0.06,
        "F1Score": 0.879427837744551,
        "Precision": 0.88
    }
}